{
  "accuracy": 98.4,
  "precision": 98.43,
  "recall": 98.4,
  "f1_score": 98.41,
  "classes": [
    "brute_force",
    "data_exfiltration",
    "normal",
    "port_scan",
    "sql_injection"
  ],
  "confusion_matrix": [
    [
      119,
      0,
      0,
      0,
      0
    ],
    [
      0,
      104,
      0,
      3,
      3
    ],
    [
      0,
      0,
      549,
      0,
      0
    ],
    [
      0,
      1,
      0,
      103,
      5
    ],
    [
      0,
      0,
      0,
      4,
      109
    ]
  ],
  "classification_report": {
    "brute_force": {
      "precision": 1.0,
      "recall": 1.0,
      "f1-score": 1.0,
      "support": 119.0
    },
    "data_exfiltration": {
      "precision": 0.9904761904761905,
      "recall": 0.9454545454545454,
      "f1-score": 0.9674418604651163,
      "support": 110.0
    },
    "normal": {
      "precision": 1.0,
      "recall": 1.0,
      "f1-score": 1.0,
      "support": 549.0
    },
    "port_scan": {
      "precision": 0.9363636363636364,
      "recall": 0.944954128440367,
      "f1-score": 0.9406392694063926,
      "support": 109.0
    },
    "sql_injection": {
      "precision": 0.9316239316239316,
      "recall": 0.9646017699115044,
      "f1-score": 0.9478260869565217,
      "support": 113.0
    },
    "accuracy": 0.984,
    "macro avg": {
      "precision": 0.9716927516927518,
      "recall": 0.9710020887612834,
      "f1-score": 0.9711814433656061,
      "support": 1000.0
    },
    "weighted avg": {
      "precision": 0.9842895215895215,
      "recall": 0.984,
      "f1-score": 0.9840526328425466,
      "support": 1000.0
    }
  },
  "model_type": "LightGBM"
}